{
    "accuracy": 0.9666666666666667,
    "precision": 0.9703703703703703,
    "recall": 0.9666666666666667
}
